<?xml version="1.0" encoding="UTF-8"?>
<project-private xmlns="http://www.netbeans.org/ns/project-private/1">
    <editor-bookmarks xmlns="http://www.netbeans.org/ns/editor-bookmarks/2" lastBookmarkId="0"/>
    <open-files xmlns="http://www.netbeans.org/ns/projectui-open-files/2">
        <group>
            <file>file:/C:/Users/Rizky%20Yohan/Documents/NetBeansProjects/Tubes/src/tubes/Dosen.java</file>
            <file>file:/C:/Users/Rizky%20Yohan/Documents/NetBeansProjects/Tubes/src/tubes/ILearnable.java</file>
            <file>file:/C:/Users/Rizky%20Yohan/Documents/NetBeansProjects/Tubes/src/tubes/Kuis.java</file>
            <file>file:/C:/Users/Rizky%20Yohan/Documents/NetBeansProjects/Tubes/src/tubes/ILearnKuis.java</file>
            <file>file:/C:/Users/Rizky%20Yohan/Documents/NetBeansProjects/Tubes/src/tubes/Tubes.java</file>
        </group>
    </open-files>
</project-private>
